title,company,department,description,requirements,location,employment_type,salary_min,salary_max,benefits,contact_email,contact_phone,application_deadline
Scrum Master,BigTech,Research & Development,We are seeking a talented Scrum Master to join our dynamic team at BigTech. This role offers exciting opportunities to work on cutting-edge projects and grow your career.,"Bachelor's degree in relevant field, 5+ years of experience, Strong problem-solving skills, Excellent communication abilities",Seattle,Contract,124803,136774,"Health insurance, 401(k) matching, Flexible work hours, Professional development",hr@BigTech.com,+1-555-9175,2025-12-30
Software Engineer,BigTech,Business Development,We are seeking a talented Software Engineer to join our dynamic team at BigTech. This role offers exciting opportunities to work on cutting-edge projects and grow your career.,"Bachelor's degree in relevant field, 3+ years of experience, Strong problem-solving skills, Excellent communication abilities",Boston,Contract,97848,114122,"Health insurance, 401(k) matching, Flexible work hours, Professional development",hr@BigTech.com,+1-555-7171,2025-10-15
Software Engineer,BigTech,Marketing,We are seeking a talented Software Engineer to join our dynamic team at BigTech. This role offers exciting opportunities to work on cutting-edge projects and grow your career.,"Bachelor's degree in relevant field, 2+ years of experience, Strong problem-solving skills, Excellent communication abilities",Washington DC,Full-time,145076,171622,"Health insurance, 401(k) matching, Flexible work hours, Professional development",hr@BigTech.com,+1-555-5828,2026-01-21
Mobile Developer,BigTech,Finance,We are seeking a talented Mobile Developer to join our dynamic team at BigTech. This role offers exciting opportunities to work on cutting-edge projects and grow your career.,"Bachelor's degree in relevant field, 5+ years of experience, Strong problem-solving skills, Excellent communication abilities",Dallas,Freelance,140977,162074,"Health insurance, 401(k) matching, Flexible work hours, Professional development",hr@BigTech.com,+1-555-1544,2026-01-15
System Administrator,BigTech,Business Development,We are seeking a talented System Administrator to join our dynamic team at BigTech. This role offers exciting opportunities to work on cutting-edge projects and grow your career.,"Bachelor's degree in relevant field, 4+ years of experience, Strong problem-solving skills, Excellent communication abilities",San Francisco,Contract,79747,91595,"Health insurance, 401(k) matching, Flexible work hours, Professional development",hr@BigTech.com,+1-555-1231,2025-11-03
UX Designer,BigTech,Design,We are seeking a talented UX Designer to join our dynamic team at BigTech. This role offers exciting opportunities to work on cutting-edge projects and grow your career.,"Bachelor's degree in relevant field, 4+ years of experience, Strong problem-solving skills, Excellent communication abilities",Portland,Freelance,78304,90865,"Health insurance, 401(k) matching, Flexible work hours, Professional development",hr@BigTech.com,+1-555-7105,2025-12-06
HR Specialist,BigTech,Sales,We are seeking a talented HR Specialist to join our dynamic team at BigTech. This role offers exciting opportunities to work on cutting-edge projects and grow your career.,"Bachelor's degree in relevant field, 1+ years of experience, Strong problem-solving skills, Excellent communication abilities",Nashville,Part-time,89127,114452,"Health insurance, 401(k) matching, Flexible work hours, Professional development",hr@BigTech.com,+1-555-2873,2025-09-17
Product Manager,BigTech,Engineering,We are seeking a talented Product Manager to join our dynamic team at BigTech. This role offers exciting opportunities to work on cutting-edge projects and grow your career.,"Bachelor's degree in relevant field, 1+ years of experience, Strong problem-solving skills, Excellent communication abilities",Seattle,Contract,142680,157866,"Health insurance, 401(k) matching, Flexible work hours, Professional development",hr@BigTech.com,+1-555-6947,2025-12-26
Product Manager,BigTech,Sales,We are seeking a talented Product Manager to join our dynamic team at BigTech. This role offers exciting opportunities to work on cutting-edge projects and grow your career.,"Bachelor's degree in relevant field, 3+ years of experience, Strong problem-solving skills, Excellent communication abilities",Seattle,Freelance,127883,142372,"Health insurance, 401(k) matching, Flexible work hours, Professional development",hr@BigTech.com,+1-555-3795,2025-11-16
Business Analyst,BigTech,Legal,We are seeking a talented Business Analyst to join our dynamic team at BigTech. This role offers exciting opportunities to work on cutting-edge projects and grow your career.,"Bachelor's degree in relevant field, 5+ years of experience, Strong problem-solving skills, Excellent communication abilities",Phoenix,Full-time,106357,126187,"Health insurance, 401(k) matching, Flexible work hours, Professional development",hr@BigTech.com,+1-555-9825,2025-11-06
Cybersecurity Analyst,BigTech,Human Resources,We are seeking a talented Cybersecurity Analyst to join our dynamic team at BigTech. This role offers exciting opportunities to work on cutting-edge projects and grow your career.,"Bachelor's degree in relevant field, 1+ years of experience, Strong problem-solving skills, Excellent communication abilities",Chicago,Part-time,124220,151647,"Health insurance, 401(k) matching, Flexible work hours, Professional development",hr@BigTech.com,+1-555-3661,2025-09-21
Cybersecurity Analyst,BigTech,Design,We are seeking a talented Cybersecurity Analyst to join our dynamic team at BigTech. This role offers exciting opportunities to work on cutting-edge projects and grow your career.,"Bachelor's degree in relevant field, 5+ years of experience, Strong problem-solving skills, Excellent communication abilities",Miami,Full-time,126168,149053,"Health insurance, 401(k) matching, Flexible work hours, Professional development",hr@BigTech.com,+1-555-4084,2026-01-28
Scrum Master,BigTech,Business Development,We are seeking a talented Scrum Master to join our dynamic team at BigTech. This role offers exciting opportunities to work on cutting-edge projects and grow your career.,"Bachelor's degree in relevant field, 2+ years of experience, Strong problem-solving skills, Excellent communication abilities",Washington DC,Freelance,129255,153736,"Health insurance, 401(k) matching, Flexible work hours, Professional development",hr@BigTech.com,+1-555-4325,2025-10-11
Content Strategist,BigTech,Business Development,We are seeking a talented Content Strategist to join our dynamic team at BigTech. This role offers exciting opportunities to work on cutting-edge projects and grow your career.,"Bachelor's degree in relevant field, 3+ years of experience, Strong problem-solving skills, Excellent communication abilities",Salt Lake City,Contract,105324,130220,"Health insurance, 401(k) matching, Flexible work hours, Professional development",hr@BigTech.com,+1-555-4974,2025-09-16
Sales Engineer,BigTech,Customer Success,We are seeking a talented Sales Engineer to join our dynamic team at BigTech. This role offers exciting opportunities to work on cutting-edge projects and grow your career.,"Bachelor's degree in relevant field, 4+ years of experience, Strong problem-solving skills, Excellent communication abilities",Portland,Freelance,78655,104575,"Health insurance, 401(k) matching, Flexible work hours, Professional development",hr@BigTech.com,+1-555-3515,2025-09-18
Cybersecurity Analyst,BigTech,Human Resources,We are seeking a talented Cybersecurity Analyst to join our dynamic team at BigTech. This role offers exciting opportunities to work on cutting-edge projects and grow your career.,"Bachelor's degree in relevant field, 3+ years of experience, Strong problem-solving skills, Excellent communication abilities",Miami,Full-time,132655,148174,"Health insurance, 401(k) matching, Flexible work hours, Professional development",hr@BigTech.com,+1-555-5546,2025-10-21
HR Specialist,BigTech,Business Development,We are seeking a talented HR Specialist to join our dynamic team at BigTech. This role offers exciting opportunities to work on cutting-edge projects and grow your career.,"Bachelor's degree in relevant field, 2+ years of experience, Strong problem-solving skills, Excellent communication abilities",Portland,Freelance,53095,63095,"Health insurance, 401(k) matching, Flexible work hours, Professional development",hr@BigTech.com,+1-555-7991,2025-11-06
Business Analyst,BigTech,Operations,We are seeking a talented Business Analyst to join our dynamic team at BigTech. This role offers exciting opportunities to work on cutting-edge projects and grow your career.,"Bachelor's degree in relevant field, 2+ years of experience, Strong problem-solving skills, Excellent communication abilities",Boston,Part-time,137976,167131,"Health insurance, 401(k) matching, Flexible work hours, Professional development",hr@BigTech.com,+1-555-3963,2025-11-01
Mobile Developer,BigTech,Finance,We are seeking a talented Mobile Developer to join our dynamic team at BigTech. This role offers exciting opportunities to work on cutting-edge projects and grow your career.,"Bachelor's degree in relevant field, 3+ years of experience, Strong problem-solving skills, Excellent communication abilities",Portland,Part-time,119294,145104,"Health insurance, 401(k) matching, Flexible work hours, Professional development",hr@BigTech.com,+1-555-8831,2025-09-08
Network Engineer,BigTech,Legal,We are seeking a talented Network Engineer to join our dynamic team at BigTech. This role offers exciting opportunities to work on cutting-edge projects and grow your career.,"Bachelor's degree in relevant field, 2+ years of experience, Strong problem-solving skills, Excellent communication abilities",Remote,Full-time,121955,137588,"Health insurance, 401(k) matching, Flexible work hours, Professional development",hr@BigTech.com,+1-555-2045,2025-12-19
Content Strategist,BigTech,Engineering,We are seeking a talented Content Strategist to join our dynamic team at BigTech. This role offers exciting opportunities to work on cutting-edge projects and grow your career.,"Bachelor's degree in relevant field, 3+ years of experience, Strong problem-solving skills, Excellent communication abilities",Portland,Freelance,117911,139946,"Health insurance, 401(k) matching, Flexible work hours, Professional development",hr@BigTech.com,+1-555-2792,2025-12-22
Backend Developer,BigTech,Design,We are seeking a talented Backend Developer to join our dynamic team at BigTech. This role offers exciting opportunities to work on cutting-edge projects and grow your career.,"Bachelor's degree in relevant field, 4+ years of experience, Strong problem-solving skills, Excellent communication abilities",Nashville,Part-time,145838,172681,"Health insurance, 401(k) matching, Flexible work hours, Professional development",hr@BigTech.com,+1-555-8452,2025-10-24
Scrum Master,BigTech,Design,We are seeking a talented Scrum Master to join our dynamic team at BigTech. This role offers exciting opportunities to work on cutting-edge projects and grow your career.,"Bachelor's degree in relevant field, 4+ years of experience, Strong problem-solving skills, Excellent communication abilities",Dallas,Freelance,124066,140883,"Health insurance, 401(k) matching, Flexible work hours, Professional development",hr@BigTech.com,+1-555-5255,2026-01-04
Digital Marketing Manager,BigTech,Business Development,We are seeking a talented Digital Marketing Manager to join our dynamic team at BigTech. This role offers exciting opportunities to work on cutting-edge projects and grow your career.,"Bachelor's degree in relevant field, 3+ years of experience, Strong problem-solving skills, Excellent communication abilities",Washington DC,Full-time,106171,125744,"Health insurance, 401(k) matching, Flexible work hours, Professional development",hr@BigTech.com,+1-555-1001,2026-01-13
Database Administrator,BigTech,Finance,We are seeking a talented Database Administrator to join our dynamic team at BigTech. This role offers exciting opportunities to work on cutting-edge projects and grow your career.,"Bachelor's degree in relevant field, 3+ years of experience, Strong problem-solving skills, Excellent communication abilities",Charlotte,Freelance,125129,149734,"Health insurance, 401(k) matching, Flexible work hours, Professional development",hr@BigTech.com,+1-555-8205,2025-10-19
Support Engineer,BigTech,Finance,We are seeking a talented Support Engineer to join our dynamic team at BigTech. This role offers exciting opportunities to work on cutting-edge projects and grow your career.,"Bachelor's degree in relevant field, 2+ years of experience, Strong problem-solving skills, Excellent communication abilities",Portland,Contract,87017,98959,"Health insurance, 401(k) matching, Flexible work hours, Professional development",hr@BigTech.com,+1-555-3490,2025-12-09
Frontend Developer,BigTech,Legal,We are seeking a talented Frontend Developer to join our dynamic team at BigTech. This role offers exciting opportunities to work on cutting-edge projects and grow your career.,"Bachelor's degree in relevant field, 5+ years of experience, Strong problem-solving skills, Excellent communication abilities",Salt Lake City,Contract,128173,157268,"Health insurance, 401(k) matching, Flexible work hours, Professional development",hr@BigTech.com,+1-555-3929,2026-01-17
Customer Success Manager,BigTech,Business Development,We are seeking a talented Customer Success Manager to join our dynamic team at BigTech. This role offers exciting opportunities to work on cutting-edge projects and grow your career.,"Bachelor's degree in relevant field, 1+ years of experience, Strong problem-solving skills, Excellent communication abilities",New York,Freelance,115636,144122,"Health insurance, 401(k) matching, Flexible work hours, Professional development",hr@BigTech.com,+1-555-2846,2025-11-09
HR Specialist,BigTech,Design,We are seeking a talented HR Specialist to join our dynamic team at BigTech. This role offers exciting opportunities to work on cutting-edge projects and grow your career.,"Bachelor's degree in relevant field, 2+ years of experience, Strong problem-solving skills, Excellent communication abilities",Denver,Contract,148004,175712,"Health insurance, 401(k) matching, Flexible work hours, Professional development",hr@BigTech.com,+1-555-6281,2025-11-14
SEO Specialist,BigTech,Marketing,We are seeking a talented SEO Specialist to join our dynamic team at BigTech. This role offers exciting opportunities to work on cutting-edge projects and grow your career.,"Bachelor's degree in relevant field, 2+ years of experience, Strong problem-solving skills, Excellent communication abilities",Salt Lake City,Full-time,134357,151850,"Health insurance, 401(k) matching, Flexible work hours, Professional development",hr@BigTech.com,+1-555-2287,2025-11-16
Digital Marketing Manager,BigTech,Data Science,We are seeking a talented Digital Marketing Manager to join our dynamic team at BigTech. This role offers exciting opportunities to work on cutting-edge projects and grow your career.,"Bachelor's degree in relevant field, 4+ years of experience, Strong problem-solving skills, Excellent communication abilities",Chicago,Contract,87967,104409,"Health insurance, 401(k) matching, Flexible work hours, Professional development",hr@BigTech.com,+1-555-7662,2025-10-10
Database Administrator,BigTech,Operations,We are seeking a talented Database Administrator to join our dynamic team at BigTech. This role offers exciting opportunities to work on cutting-edge projects and grow your career.,"Bachelor's degree in relevant field, 5+ years of experience, Strong problem-solving skills, Excellent communication abilities",Charlotte,Contract,145170,157842,"Health insurance, 401(k) matching, Flexible work hours, Professional development",hr@BigTech.com,+1-555-6419,2025-11-05
Legal Counsel,BigTech,Customer Success,We are seeking a talented Legal Counsel to join our dynamic team at BigTech. This role offers exciting opportunities to work on cutting-edge projects and grow your career.,"Bachelor's degree in relevant field, 4+ years of experience, Strong problem-solving skills, Excellent communication abilities",Remote,Full-time,99511,112283,"Health insurance, 401(k) matching, Flexible work hours, Professional development",hr@BigTech.com,+1-555-5694,2025-09-23
Digital Marketing Manager,BigTech,Marketing,We are seeking a talented Digital Marketing Manager to join our dynamic team at BigTech. This role offers exciting opportunities to work on cutting-edge projects and grow your career.,"Bachelor's degree in relevant field, 1+ years of experience, Strong problem-solving skills, Excellent communication abilities",San Diego,Part-time,146911,158051,"Health insurance, 401(k) matching, Flexible work hours, Professional development",hr@BigTech.com,+1-555-5125,2026-01-26
Technical Writer,BigTech,Sales,We are seeking a talented Technical Writer to join our dynamic team at BigTech. This role offers exciting opportunities to work on cutting-edge projects and grow your career.,"Bachelor's degree in relevant field, 3+ years of experience, Strong problem-solving skills, Excellent communication abilities",Minneapolis,Full-time,79914,106045,"Health insurance, 401(k) matching, Flexible work hours, Professional development",hr@BigTech.com,+1-555-2414,2025-10-03
Cybersecurity Analyst,BigTech,Business Development,We are seeking a talented Cybersecurity Analyst to join our dynamic team at BigTech. This role offers exciting opportunities to work on cutting-edge projects and grow your career.,"Bachelor's degree in relevant field, 5+ years of experience, Strong problem-solving skills, Excellent communication abilities",Atlanta,Full-time,58282,77411,"Health insurance, 401(k) matching, Flexible work hours, Professional development",hr@BigTech.com,+1-555-4677,2026-01-14
Software Engineer,BigTech,Marketing,We are seeking a talented Software Engineer to join our dynamic team at BigTech. This role offers exciting opportunities to work on cutting-edge projects and grow your career.,"Bachelor's degree in relevant field, 5+ years of experience, Strong problem-solving skills, Excellent communication abilities",Atlanta,Full-time,139512,166019,"Health insurance, 401(k) matching, Flexible work hours, Professional development",hr@BigTech.com,+1-555-7256,2025-09-22
Project Manager,BigTech,Finance,We are seeking a talented Project Manager to join our dynamic team at BigTech. This role offers exciting opportunities to work on cutting-edge projects and grow your career.,"Bachelor's degree in relevant field, 4+ years of experience, Strong problem-solving skills, Excellent communication abilities",New York,Freelance,95113,106867,"Health insurance, 401(k) matching, Flexible work hours, Professional development",hr@BigTech.com,+1-555-4821,2025-09-06
Digital Marketing Manager,BigTech,Legal,We are seeking a talented Digital Marketing Manager to join our dynamic team at BigTech. This role offers exciting opportunities to work on cutting-edge projects and grow your career.,"Bachelor's degree in relevant field, 2+ years of experience, Strong problem-solving skills, Excellent communication abilities",Minneapolis,Freelance,110516,132199,"Health insurance, 401(k) matching, Flexible work hours, Professional development",hr@BigTech.com,+1-555-7393,2026-01-16
DevOps Engineer,BigTech,Legal,We are seeking a talented DevOps Engineer to join our dynamic team at BigTech. This role offers exciting opportunities to work on cutting-edge projects and grow your career.,"Bachelor's degree in relevant field, 2+ years of experience, Strong problem-solving skills, Excellent communication abilities",Washington DC,Full-time,55390,78425,"Health insurance, 401(k) matching, Flexible work hours, Professional development",hr@BigTech.com,+1-555-8606,2025-10-22
Customer Success Manager,BigTech,Operations,We are seeking a talented Customer Success Manager to join our dynamic team at BigTech. This role offers exciting opportunities to work on cutting-edge projects and grow your career.,"Bachelor's degree in relevant field, 1+ years of experience, Strong problem-solving skills, Excellent communication abilities",Austin,Full-time,126061,146836,"Health insurance, 401(k) matching, Flexible work hours, Professional development",hr@BigTech.com,+1-555-1698,2025-11-27
HR Specialist,BigTech,Product Management,We are seeking a talented HR Specialist to join our dynamic team at BigTech. This role offers exciting opportunities to work on cutting-edge projects and grow your career.,"Bachelor's degree in relevant field, 2+ years of experience, Strong problem-solving skills, Excellent communication abilities",Salt Lake City,Full-time,146389,170411,"Health insurance, 401(k) matching, Flexible work hours, Professional development",hr@BigTech.com,+1-555-6157,2026-02-02
Legal Counsel,BigTech,Business Development,We are seeking a talented Legal Counsel to join our dynamic team at BigTech. This role offers exciting opportunities to work on cutting-edge projects and grow your career.,"Bachelor's degree in relevant field, 5+ years of experience, Strong problem-solving skills, Excellent communication abilities",Miami,Part-time,121215,141584,"Health insurance, 401(k) matching, Flexible work hours, Professional development",hr@BigTech.com,+1-555-3031,2025-11-26
Project Manager,BigTech,Research & Development,We are seeking a talented Project Manager to join our dynamic team at BigTech. This role offers exciting opportunities to work on cutting-edge projects and grow your career.,"Bachelor's degree in relevant field, 5+ years of experience, Strong problem-solving skills, Excellent communication abilities",Nashville,Contract,55255,80922,"Health insurance, 401(k) matching, Flexible work hours, Professional development",hr@BigTech.com,+1-555-3016,2025-12-18
Data Scientist,BigTech,Engineering,We are seeking a talented Data Scientist to join our dynamic team at BigTech. This role offers exciting opportunities to work on cutting-edge projects and grow your career.,"Bachelor's degree in relevant field, 3+ years of experience, Strong problem-solving skills, Excellent communication abilities",Portland,Part-time,122885,148575,"Health insurance, 401(k) matching, Flexible work hours, Professional development",hr@BigTech.com,+1-555-9304,2026-01-21
Legal Counsel,BigTech,Finance,We are seeking a talented Legal Counsel to join our dynamic team at BigTech. This role offers exciting opportunities to work on cutting-edge projects and grow your career.,"Bachelor's degree in relevant field, 4+ years of experience, Strong problem-solving skills, Excellent communication abilities",Atlanta,Freelance,98543,126483,"Health insurance, 401(k) matching, Flexible work hours, Professional development",hr@BigTech.com,+1-555-2192,2026-01-31
Software Engineer,BigTech,Research & Development,We are seeking a talented Software Engineer to join our dynamic team at BigTech. This role offers exciting opportunities to work on cutting-edge projects and grow your career.,"Bachelor's degree in relevant field, 2+ years of experience, Strong problem-solving skills, Excellent communication abilities",New York,Full-time,81188,101195,"Health insurance, 401(k) matching, Flexible work hours, Professional development",hr@BigTech.com,+1-555-5029,2025-12-29
Customer Success Manager,BigTech,Design,We are seeking a talented Customer Success Manager to join our dynamic team at BigTech. This role offers exciting opportunities to work on cutting-edge projects and grow your career.,"Bachelor's degree in relevant field, 2+ years of experience, Strong problem-solving skills, Excellent communication abilities",Phoenix,Part-time,76284,90604,"Health insurance, 401(k) matching, Flexible work hours, Professional development",hr@BigTech.com,+1-555-7051,2025-10-05
Financial Analyst,BigTech,Product Management,We are seeking a talented Financial Analyst to join our dynamic team at BigTech. This role offers exciting opportunities to work on cutting-edge projects and grow your career.,"Bachelor's degree in relevant field, 5+ years of experience, Strong problem-solving skills, Excellent communication abilities",Denver,Freelance,53946,72863,"Health insurance, 401(k) matching, Flexible work hours, Professional development",hr@BigTech.com,+1-555-2816,2025-12-02
Scrum Master,BigTech,Sales,We are seeking a talented Scrum Master to join our dynamic team at BigTech. This role offers exciting opportunities to work on cutting-edge projects and grow your career.,"Bachelor's degree in relevant field, 1+ years of experience, Strong problem-solving skills, Excellent communication abilities",Seattle,Freelance,142160,153236,"Health insurance, 401(k) matching, Flexible work hours, Professional development",hr@BigTech.com,+1-555-5724,2026-01-28
Technical Writer,BigTech,Product Management,We are seeking a talented Technical Writer to join our dynamic team at BigTech. This role offers exciting opportunities to work on cutting-edge projects and grow your career.,"Bachelor's degree in relevant field, 2+ years of experience, Strong problem-solving skills, Excellent communication abilities",Denver,Full-time,138056,152465,"Health insurance, 401(k) matching, Flexible work hours, Professional development",hr@BigTech.com,+1-555-7608,2025-11-22
Data Scientist,BigTech,Operations,We are seeking a talented Data Scientist to join our dynamic team at BigTech. This role offers exciting opportunities to work on cutting-edge projects and grow your career.,"Bachelor's degree in relevant field, 1+ years of experience, Strong problem-solving skills, Excellent communication abilities",Charlotte,Full-time,136171,159308,"Health insurance, 401(k) matching, Flexible work hours, Professional development",hr@BigTech.com,+1-555-4362,2025-10-12
Project Manager,BigTech,Operations,We are seeking a talented Project Manager to join our dynamic team at BigTech. This role offers exciting opportunities to work on cutting-edge projects and grow your career.,"Bachelor's degree in relevant field, 3+ years of experience, Strong problem-solving skills, Excellent communication abilities",Chicago,Full-time,69230,90570,"Health insurance, 401(k) matching, Flexible work hours, Professional development",hr@BigTech.com,+1-555-9818,2025-11-11
QA Engineer,BigTech,Data Science,We are seeking a talented QA Engineer to join our dynamic team at BigTech. This role offers exciting opportunities to work on cutting-edge projects and grow your career.,"Bachelor's degree in relevant field, 3+ years of experience, Strong problem-solving skills, Excellent communication abilities",Portland,Part-time,53888,80611,"Health insurance, 401(k) matching, Flexible work hours, Professional development",hr@BigTech.com,+1-555-5422,2025-12-11
Backend Developer,BigTech,Data Science,We are seeking a talented Backend Developer to join our dynamic team at BigTech. This role offers exciting opportunities to work on cutting-edge projects and grow your career.,"Bachelor's degree in relevant field, 2+ years of experience, Strong problem-solving skills, Excellent communication abilities",Atlanta,Part-time,74877,92644,"Health insurance, 401(k) matching, Flexible work hours, Professional development",hr@BigTech.com,+1-555-5675,2025-10-18
Financial Analyst,BigTech,Legal,We are seeking a talented Financial Analyst to join our dynamic team at BigTech. This role offers exciting opportunities to work on cutting-edge projects and grow your career.,"Bachelor's degree in relevant field, 2+ years of experience, Strong problem-solving skills, Excellent communication abilities",Chicago,Contract,125291,147741,"Health insurance, 401(k) matching, Flexible work hours, Professional development",hr@BigTech.com,+1-555-3141,2025-09-26
Content Strategist,BigTech,Human Resources,We are seeking a talented Content Strategist to join our dynamic team at BigTech. This role offers exciting opportunities to work on cutting-edge projects and grow your career.,"Bachelor's degree in relevant field, 3+ years of experience, Strong problem-solving skills, Excellent communication abilities",Nashville,Contract,67096,89172,"Health insurance, 401(k) matching, Flexible work hours, Professional development",hr@BigTech.com,+1-555-7717,2025-09-18
Cybersecurity Analyst,BigTech,Finance,We are seeking a talented Cybersecurity Analyst to join our dynamic team at BigTech. This role offers exciting opportunities to work on cutting-edge projects and grow your career.,"Bachelor's degree in relevant field, 1+ years of experience, Strong problem-solving skills, Excellent communication abilities",Washington DC,Full-time,118831,142688,"Health insurance, 401(k) matching, Flexible work hours, Professional development",hr@BigTech.com,+1-555-9173,2026-01-06
Project Manager,BigTech,Operations,We are seeking a talented Project Manager to join our dynamic team at BigTech. This role offers exciting opportunities to work on cutting-edge projects and grow your career.,"Bachelor's degree in relevant field, 1+ years of experience, Strong problem-solving skills, Excellent communication abilities",San Francisco,Contract,101960,115476,"Health insurance, 401(k) matching, Flexible work hours, Professional development",hr@BigTech.com,+1-555-9515,2026-01-27
Marketing Manager,BigTech,Customer Success,We are seeking a talented Marketing Manager to join our dynamic team at BigTech. This role offers exciting opportunities to work on cutting-edge projects and grow your career.,"Bachelor's degree in relevant field, 3+ years of experience, Strong problem-solving skills, Excellent communication abilities",Phoenix,Full-time,103445,119051,"Health insurance, 401(k) matching, Flexible work hours, Professional development",hr@BigTech.com,+1-555-8069,2025-11-03
Network Engineer,BigTech,Business Development,We are seeking a talented Network Engineer to join our dynamic team at BigTech. This role offers exciting opportunities to work on cutting-edge projects and grow your career.,"Bachelor's degree in relevant field, 2+ years of experience, Strong problem-solving skills, Excellent communication abilities",Nashville,Contract,110990,133246,"Health insurance, 401(k) matching, Flexible work hours, Professional development",hr@BigTech.com,+1-555-4566,2025-10-24
Cybersecurity Analyst,BigTech,Legal,We are seeking a talented Cybersecurity Analyst to join our dynamic team at BigTech. This role offers exciting opportunities to work on cutting-edge projects and grow your career.,"Bachelor's degree in relevant field, 4+ years of experience, Strong problem-solving skills, Excellent communication abilities",Seattle,Freelance,122120,143393,"Health insurance, 401(k) matching, Flexible work hours, Professional development",hr@BigTech.com,+1-555-7993,2025-11-14
Sales Engineer,BigTech,Operations,We are seeking a talented Sales Engineer to join our dynamic team at BigTech. This role offers exciting opportunities to work on cutting-edge projects and grow your career.,"Bachelor's degree in relevant field, 5+ years of experience, Strong problem-solving skills, Excellent communication abilities",Dallas,Part-time,86337,98025,"Health insurance, 401(k) matching, Flexible work hours, Professional development",hr@BigTech.com,+1-555-8707,2025-09-19
UX Designer,BigTech,Human Resources,We are seeking a talented UX Designer to join our dynamic team at BigTech. This role offers exciting opportunities to work on cutting-edge projects and grow your career.,"Bachelor's degree in relevant field, 4+ years of experience, Strong problem-solving skills, Excellent communication abilities",Austin,Full-time,86399,114430,"Health insurance, 401(k) matching, Flexible work hours, Professional development",hr@BigTech.com,+1-555-6576,2025-12-19
Project Manager,BigTech,Finance,We are seeking a talented Project Manager to join our dynamic team at BigTech. This role offers exciting opportunities to work on cutting-edge projects and grow your career.,"Bachelor's degree in relevant field, 5+ years of experience, Strong problem-solving skills, Excellent communication abilities",Los Angeles,Part-time,117271,128111,"Health insurance, 401(k) matching, Flexible work hours, Professional development",hr@BigTech.com,+1-555-3669,2025-10-31
Cybersecurity Analyst,BigTech,Product Management,We are seeking a talented Cybersecurity Analyst to join our dynamic team at BigTech. This role offers exciting opportunities to work on cutting-edge projects and grow your career.,"Bachelor's degree in relevant field, 1+ years of experience, Strong problem-solving skills, Excellent communication abilities",Denver,Freelance,126384,140231,"Health insurance, 401(k) matching, Flexible work hours, Professional development",hr@BigTech.com,+1-555-3058,2025-10-03
UX Designer,BigTech,Design,We are seeking a talented UX Designer to join our dynamic team at BigTech. This role offers exciting opportunities to work on cutting-edge projects and grow your career.,"Bachelor's degree in relevant field, 4+ years of experience, Strong problem-solving skills, Excellent communication abilities",Atlanta,Part-time,132616,159940,"Health insurance, 401(k) matching, Flexible work hours, Professional development",hr@BigTech.com,+1-555-6910,2026-01-06
Software Engineer,BigTech,Business Development,We are seeking a talented Software Engineer to join our dynamic team at BigTech. This role offers exciting opportunities to work on cutting-edge projects and grow your career.,"Bachelor's degree in relevant field, 1+ years of experience, Strong problem-solving skills, Excellent communication abilities",Washington DC,Freelance,69896,88920,"Health insurance, 401(k) matching, Flexible work hours, Professional development",hr@BigTech.com,+1-555-7287,2025-10-22
Database Administrator,BigTech,Customer Success,We are seeking a talented Database Administrator to join our dynamic team at BigTech. This role offers exciting opportunities to work on cutting-edge projects and grow your career.,"Bachelor's degree in relevant field, 3+ years of experience, Strong problem-solving skills, Excellent communication abilities",Atlanta,Freelance,80254,99694,"Health insurance, 401(k) matching, Flexible work hours, Professional development",hr@BigTech.com,+1-555-3278,2025-09-11
Cloud Architect,BigTech,Operations,We are seeking a talented Cloud Architect to join our dynamic team at BigTech. This role offers exciting opportunities to work on cutting-edge projects and grow your career.,"Bachelor's degree in relevant field, 4+ years of experience, Strong problem-solving skills, Excellent communication abilities",Nashville,Full-time,86777,98265,"Health insurance, 401(k) matching, Flexible work hours, Professional development",hr@BigTech.com,+1-555-2352,2026-01-09
QA Engineer,BigTech,Marketing,We are seeking a talented QA Engineer to join our dynamic team at BigTech. This role offers exciting opportunities to work on cutting-edge projects and grow your career.,"Bachelor's degree in relevant field, 2+ years of experience, Strong problem-solving skills, Excellent communication abilities",Austin,Part-time,72385,99329,"Health insurance, 401(k) matching, Flexible work hours, Professional development",hr@BigTech.com,+1-555-8732,2025-12-23
Database Administrator,BigTech,Finance,We are seeking a talented Database Administrator to join our dynamic team at BigTech. This role offers exciting opportunities to work on cutting-edge projects and grow your career.,"Bachelor's degree in relevant field, 5+ years of experience, Strong problem-solving skills, Excellent communication abilities",Dallas,Contract,82559,110929,"Health insurance, 401(k) matching, Flexible work hours, Professional development",hr@BigTech.com,+1-555-6483,2025-09-30
Customer Success Manager,BigTech,Operations,We are seeking a talented Customer Success Manager to join our dynamic team at BigTech. This role offers exciting opportunities to work on cutting-edge projects and grow your career.,"Bachelor's degree in relevant field, 3+ years of experience, Strong problem-solving skills, Excellent communication abilities",Miami,Part-time,114860,139363,"Health insurance, 401(k) matching, Flexible work hours, Professional development",hr@BigTech.com,+1-555-9889,2025-09-08
Network Engineer,BigTech,Human Resources,We are seeking a talented Network Engineer to join our dynamic team at BigTech. This role offers exciting opportunities to work on cutting-edge projects and grow your career.,"Bachelor's degree in relevant field, 4+ years of experience, Strong problem-solving skills, Excellent communication abilities",Miami,Contract,138913,162626,"Health insurance, 401(k) matching, Flexible work hours, Professional development",hr@BigTech.com,+1-555-5364,2025-12-14
Mobile Developer,BigTech,Data Science,We are seeking a talented Mobile Developer to join our dynamic team at BigTech. This role offers exciting opportunities to work on cutting-edge projects and grow your career.,"Bachelor's degree in relevant field, 4+ years of experience, Strong problem-solving skills, Excellent communication abilities",Remote,Contract,83780,104028,"Health insurance, 401(k) matching, Flexible work hours, Professional development",hr@BigTech.com,+1-555-4237,2026-01-08
HR Specialist,BigTech,Product Management,We are seeking a talented HR Specialist to join our dynamic team at BigTech. This role offers exciting opportunities to work on cutting-edge projects and grow your career.,"Bachelor's degree in relevant field, 3+ years of experience, Strong problem-solving skills, Excellent communication abilities",Denver,Contract,94582,110825,"Health insurance, 401(k) matching, Flexible work hours, Professional development",hr@BigTech.com,+1-555-8422,2026-01-27
HR Specialist,BigTech,Engineering,We are seeking a talented HR Specialist to join our dynamic team at BigTech. This role offers exciting opportunities to work on cutting-edge projects and grow your career.,"Bachelor's degree in relevant field, 3+ years of experience, Strong problem-solving skills, Excellent communication abilities",Remote,Contract,111894,141239,"Health insurance, 401(k) matching, Flexible work hours, Professional development",hr@BigTech.com,+1-555-2227,2025-12-12
QA Engineer,BigTech,Customer Success,We are seeking a talented QA Engineer to join our dynamic team at BigTech. This role offers exciting opportunities to work on cutting-edge projects and grow your career.,"Bachelor's degree in relevant field, 4+ years of experience, Strong problem-solving skills, Excellent communication abilities",Chicago,Freelance,146779,165286,"Health insurance, 401(k) matching, Flexible work hours, Professional development",hr@BigTech.com,+1-555-5099,2025-12-02
HR Specialist,BigTech,Research & Development,We are seeking a talented HR Specialist to join our dynamic team at BigTech. This role offers exciting opportunities to work on cutting-edge projects and grow your career.,"Bachelor's degree in relevant field, 3+ years of experience, Strong problem-solving skills, Excellent communication abilities",Salt Lake City,Part-time,116842,135301,"Health insurance, 401(k) matching, Flexible work hours, Professional development",hr@BigTech.com,+1-555-4372,2025-10-26
Cloud Architect,BigTech,Customer Success,We are seeking a talented Cloud Architect to join our dynamic team at BigTech. This role offers exciting opportunities to work on cutting-edge projects and grow your career.,"Bachelor's degree in relevant field, 5+ years of experience, Strong problem-solving skills, Excellent communication abilities",Minneapolis,Contract,92972,113220,"Health insurance, 401(k) matching, Flexible work hours, Professional development",hr@BigTech.com,+1-555-2880,2025-12-09
Backend Developer,BigTech,Sales,We are seeking a talented Backend Developer to join our dynamic team at BigTech. This role offers exciting opportunities to work on cutting-edge projects and grow your career.,"Bachelor's degree in relevant field, 3+ years of experience, Strong problem-solving skills, Excellent communication abilities",Washington DC,Freelance,67255,93826,"Health insurance, 401(k) matching, Flexible work hours, Professional development",hr@BigTech.com,+1-555-8217,2025-11-06
Backend Developer,BigTech,Design,We are seeking a talented Backend Developer to join our dynamic team at BigTech. This role offers exciting opportunities to work on cutting-edge projects and grow your career.,"Bachelor's degree in relevant field, 3+ years of experience, Strong problem-solving skills, Excellent communication abilities",New York,Part-time,143601,170067,"Health insurance, 401(k) matching, Flexible work hours, Professional development",hr@BigTech.com,+1-555-9268,2026-01-09
Sales Engineer,BigTech,Finance,We are seeking a talented Sales Engineer to join our dynamic team at BigTech. This role offers exciting opportunities to work on cutting-edge projects and grow your career.,"Bachelor's degree in relevant field, 3+ years of experience, Strong problem-solving skills, Excellent communication abilities",Chicago,Contract,103012,129205,"Health insurance, 401(k) matching, Flexible work hours, Professional development",hr@BigTech.com,+1-555-6137,2025-11-10
HR Specialist,BigTech,Design,We are seeking a talented HR Specialist to join our dynamic team at BigTech. This role offers exciting opportunities to work on cutting-edge projects and grow your career.,"Bachelor's degree in relevant field, 5+ years of experience, Strong problem-solving skills, Excellent communication abilities",Phoenix,Part-time,93016,111545,"Health insurance, 401(k) matching, Flexible work hours, Professional development",hr@BigTech.com,+1-555-7908,2025-12-09
Frontend Developer,BigTech,Design,We are seeking a talented Frontend Developer to join our dynamic team at BigTech. This role offers exciting opportunities to work on cutting-edge projects and grow your career.,"Bachelor's degree in relevant field, 5+ years of experience, Strong problem-solving skills, Excellent communication abilities",Atlanta,Part-time,142239,162875,"Health insurance, 401(k) matching, Flexible work hours, Professional development",hr@BigTech.com,+1-555-1892,2026-01-20
DevOps Engineer,BigTech,Design,We are seeking a talented DevOps Engineer to join our dynamic team at BigTech. This role offers exciting opportunities to work on cutting-edge projects and grow your career.,"Bachelor's degree in relevant field, 2+ years of experience, Strong problem-solving skills, Excellent communication abilities",Minneapolis,Full-time,73763,101782,"Health insurance, 401(k) matching, Flexible work hours, Professional development",hr@BigTech.com,+1-555-1289,2025-09-12
QA Engineer,BigTech,Research & Development,We are seeking a talented QA Engineer to join our dynamic team at BigTech. This role offers exciting opportunities to work on cutting-edge projects and grow your career.,"Bachelor's degree in relevant field, 2+ years of experience, Strong problem-solving skills, Excellent communication abilities",Austin,Freelance,142168,159782,"Health insurance, 401(k) matching, Flexible work hours, Professional development",hr@BigTech.com,+1-555-1677,2025-12-12
Database Administrator,BigTech,Engineering,We are seeking a talented Database Administrator to join our dynamic team at BigTech. This role offers exciting opportunities to work on cutting-edge projects and grow your career.,"Bachelor's degree in relevant field, 4+ years of experience, Strong problem-solving skills, Excellent communication abilities",Charlotte,Freelance,51667,75863,"Health insurance, 401(k) matching, Flexible work hours, Professional development",hr@BigTech.com,+1-555-8217,2026-02-01
HR Specialist,BigTech,Marketing,We are seeking a talented HR Specialist to join our dynamic team at BigTech. This role offers exciting opportunities to work on cutting-edge projects and grow your career.,"Bachelor's degree in relevant field, 3+ years of experience, Strong problem-solving skills, Excellent communication abilities",Nashville,Contract,76477,100383,"Health insurance, 401(k) matching, Flexible work hours, Professional development",hr@BigTech.com,+1-555-2613,2026-01-17
Support Engineer,BigTech,Human Resources,We are seeking a talented Support Engineer to join our dynamic team at BigTech. This role offers exciting opportunities to work on cutting-edge projects and grow your career.,"Bachelor's degree in relevant field, 1+ years of experience, Strong problem-solving skills, Excellent communication abilities",Phoenix,Contract,80646,96855,"Health insurance, 401(k) matching, Flexible work hours, Professional development",hr@BigTech.com,+1-555-8937,2026-01-30
Business Analyst,BigTech,Product Management,We are seeking a talented Business Analyst to join our dynamic team at BigTech. This role offers exciting opportunities to work on cutting-edge projects and grow your career.,"Bachelor's degree in relevant field, 3+ years of experience, Strong problem-solving skills, Excellent communication abilities",Miami,Full-time,111361,138109,"Health insurance, 401(k) matching, Flexible work hours, Professional development",hr@BigTech.com,+1-555-7112,2025-12-13
QA Engineer,BigTech,Sales,We are seeking a talented QA Engineer to join our dynamic team at BigTech. This role offers exciting opportunities to work on cutting-edge projects and grow your career.,"Bachelor's degree in relevant field, 4+ years of experience, Strong problem-solving skills, Excellent communication abilities",Denver,Full-time,87618,110341,"Health insurance, 401(k) matching, Flexible work hours, Professional development",hr@BigTech.com,+1-555-6570,2025-11-14
Cybersecurity Analyst,BigTech,Marketing,We are seeking a talented Cybersecurity Analyst to join our dynamic team at BigTech. This role offers exciting opportunities to work on cutting-edge projects and grow your career.,"Bachelor's degree in relevant field, 3+ years of experience, Strong problem-solving skills, Excellent communication abilities",San Francisco,Full-time,123006,135216,"Health insurance, 401(k) matching, Flexible work hours, Professional development",hr@BigTech.com,+1-555-4129,2026-01-21
Digital Marketing Manager,BigTech,Finance,We are seeking a talented Digital Marketing Manager to join our dynamic team at BigTech. This role offers exciting opportunities to work on cutting-edge projects and grow your career.,"Bachelor's degree in relevant field, 4+ years of experience, Strong problem-solving skills, Excellent communication abilities",Phoenix,Full-time,86677,97770,"Health insurance, 401(k) matching, Flexible work hours, Professional development",hr@BigTech.com,+1-555-1098,2025-10-14
Product Manager,BigTech,Data Science,We are seeking a talented Product Manager to join our dynamic team at BigTech. This role offers exciting opportunities to work on cutting-edge projects and grow your career.,"Bachelor's degree in relevant field, 2+ years of experience, Strong problem-solving skills, Excellent communication abilities",Chicago,Contract,149088,169293,"Health insurance, 401(k) matching, Flexible work hours, Professional development",hr@BigTech.com,+1-555-9385,2025-10-05
Project Manager,BigTech,Customer Success,We are seeking a talented Project Manager to join our dynamic team at BigTech. This role offers exciting opportunities to work on cutting-edge projects and grow your career.,"Bachelor's degree in relevant field, 4+ years of experience, Strong problem-solving skills, Excellent communication abilities",Austin,Full-time,69291,89104,"Health insurance, 401(k) matching, Flexible work hours, Professional development",hr@BigTech.com,+1-555-6714,2025-09-05
Cloud Architect,BigTech,Customer Success,We are seeking a talented Cloud Architect to join our dynamic team at BigTech. This role offers exciting opportunities to work on cutting-edge projects and grow your career.,"Bachelor's degree in relevant field, 4+ years of experience, Strong problem-solving skills, Excellent communication abilities",Los Angeles,Full-time,145308,168673,"Health insurance, 401(k) matching, Flexible work hours, Professional development",hr@BigTech.com,+1-555-3084,2025-12-14
Machine Learning Engineer,BigTech,Legal,We are seeking a talented Machine Learning Engineer to join our dynamic team at BigTech. This role offers exciting opportunities to work on cutting-edge projects and grow your career.,"Bachelor's degree in relevant field, 3+ years of experience, Strong problem-solving skills, Excellent communication abilities",Portland,Full-time,68739,95207,"Health insurance, 401(k) matching, Flexible work hours, Professional development",hr@BigTech.com,+1-555-2993,2026-01-28
System Administrator,BigTech,Engineering,We are seeking a talented System Administrator to join our dynamic team at BigTech. This role offers exciting opportunities to work on cutting-edge projects and grow your career.,"Bachelor's degree in relevant field, 3+ years of experience, Strong problem-solving skills, Excellent communication abilities",Los Angeles,Full-time,66839,81677,"Health insurance, 401(k) matching, Flexible work hours, Professional development",hr@BigTech.com,+1-555-1716,2025-12-29
Financial Analyst,BigTech,Legal,We are seeking a talented Financial Analyst to join our dynamic team at BigTech. This role offers exciting opportunities to work on cutting-edge projects and grow your career.,"Bachelor's degree in relevant field, 3+ years of experience, Strong problem-solving skills, Excellent communication abilities",Los Angeles,Full-time,128649,143903,"Health insurance, 401(k) matching, Flexible work hours, Professional development",hr@BigTech.com,+1-555-3168,2026-01-21
